userId,login,password
0,testuser0,337UUpo9A890NgAhjzBFCvAsu8k=
1,testuser1,337UUpo9A890NgAhjzBFCvAsu8k=
2,testuser2,337UUpo9A890NgAhjzBFCvAsu8k=
3,testuser3,337UUpo9A890NgAhjzBFCvAsu8k=
4,testuser4,337UUpo9A890NgAhjzBFCvAsu8k=
5,testuser5,337UUpo9A890NgAhjzBFCvAsu8k=
6,testuser6,337UUpo9A890NgAhjzBFCvAsu8k=
7,testuser7,337UUpo9A890NgAhjzBFCvAsu8k=
8,testuser8,337UUpo9A890NgAhjzBFCvAsu8k=
9,testuser9,337UUpo9A890NgAhjzBFCvAsu8k=
10,testuser10,337UUpo9A890NgAhjzBFCvAsu8k=
11,testuser11,337UUpo9A890NgAhjzBFCvAsu8k=
12,testuser12,337UUpo9A890NgAhjzBFCvAsu8k=
13,testuser13,337UUpo9A890NgAhjzBFCvAsu8k=
14,testuser14,337UUpo9A890NgAhjzBFCvAsu8k=
15,testuser15,337UUpo9A890NgAhjzBFCvAsu8k=
16,testuser16,337UUpo9A890NgAhjzBFCvAsu8k=
17,testuser17,337UUpo9A890NgAhjzBFCvAsu8k=
18,testuser18,337UUpo9A890NgAhjzBFCvAsu8k=
19,testuser19,337UUpo9A890NgAhjzBFCvAsu8k=
20,testuser20,337UUpo9A890NgAhjzBFCvAsu8k=
21,testuser21,337UUpo9A890NgAhjzBFCvAsu8k=
22,testuser22,337UUpo9A890NgAhjzBFCvAsu8k=
23,testuser23,337UUpo9A890NgAhjzBFCvAsu8k=
24,testuser24,337UUpo9A890NgAhjzBFCvAsu8k=
25,testuser25,337UUpo9A890NgAhjzBFCvAsu8k=
26,testuser26,337UUpo9A890NgAhjzBFCvAsu8k=
27,testuser27,337UUpo9A890NgAhjzBFCvAsu8k=
28,testuser28,337UUpo9A890NgAhjzBFCvAsu8k=
29,testuser29,337UUpo9A890NgAhjzBFCvAsu8k=
30,testuser30,337UUpo9A890NgAhjzBFCvAsu8k=
31,testuser31,337UUpo9A890NgAhjzBFCvAsu8k=
32,testuser32,337UUpo9A890NgAhjzBFCvAsu8k=
33,testuser33,337UUpo9A890NgAhjzBFCvAsu8k=
34,testuser34,337UUpo9A890NgAhjzBFCvAsu8k=
35,testuser35,337UUpo9A890NgAhjzBFCvAsu8k=
36,testuser36,337UUpo9A890NgAhjzBFCvAsu8k=
37,testuser37,337UUpo9A890NgAhjzBFCvAsu8k=
38,testuser38,337UUpo9A890NgAhjzBFCvAsu8k=
39,testuser39,337UUpo9A890NgAhjzBFCvAsu8k=
40,testuser40,337UUpo9A890NgAhjzBFCvAsu8k=
41,testuser41,337UUpo9A890NgAhjzBFCvAsu8k=
42,testuser42,337UUpo9A890NgAhjzBFCvAsu8k=
43,testuser43,337UUpo9A890NgAhjzBFCvAsu8k=
44,testuser44,337UUpo9A890NgAhjzBFCvAsu8k=
45,testuser45,337UUpo9A890NgAhjzBFCvAsu8k=
46,testuser46,337UUpo9A890NgAhjzBFCvAsu8k=
47,testuser47,337UUpo9A890NgAhjzBFCvAsu8k=
48,testuser48,337UUpo9A890NgAhjzBFCvAsu8k=
49,testuser49,337UUpo9A890NgAhjzBFCvAsu8k=
50,testuser50,337UUpo9A890NgAhjzBFCvAsu8k=
51,testuser51,337UUpo9A890NgAhjzBFCvAsu8k=
52,testuser52,337UUpo9A890NgAhjzBFCvAsu8k=
53,testuser53,337UUpo9A890NgAhjzBFCvAsu8k=
54,testuser54,337UUpo9A890NgAhjzBFCvAsu8k=
55,testuser55,337UUpo9A890NgAhjzBFCvAsu8k=
56,testuser56,337UUpo9A890NgAhjzBFCvAsu8k=
57,testuser57,337UUpo9A890NgAhjzBFCvAsu8k=
58,testuser58,337UUpo9A890NgAhjzBFCvAsu8k=
59,testuser59,337UUpo9A890NgAhjzBFCvAsu8k=
60,testuser60,337UUpo9A890NgAhjzBFCvAsu8k=
61,testuser61,337UUpo9A890NgAhjzBFCvAsu8k=
62,testuser62,337UUpo9A890NgAhjzBFCvAsu8k=
63,testuser63,337UUpo9A890NgAhjzBFCvAsu8k=
64,testuser64,337UUpo9A890NgAhjzBFCvAsu8k=
65,testuser65,337UUpo9A890NgAhjzBFCvAsu8k=
66,testuser66,337UUpo9A890NgAhjzBFCvAsu8k=
67,testuser67,337UUpo9A890NgAhjzBFCvAsu8k=
68,testuser68,337UUpo9A890NgAhjzBFCvAsu8k=
69,testuser69,337UUpo9A890NgAhjzBFCvAsu8k=
70,testuser70,337UUpo9A890NgAhjzBFCvAsu8k=
71,testuser71,337UUpo9A890NgAhjzBFCvAsu8k=
72,testuser72,337UUpo9A890NgAhjzBFCvAsu8k=
73,testuser73,337UUpo9A890NgAhjzBFCvAsu8k=
74,testuser74,337UUpo9A890NgAhjzBFCvAsu8k=
75,testuser75,337UUpo9A890NgAhjzBFCvAsu8k=
76,testuser76,337UUpo9A890NgAhjzBFCvAsu8k=
77,testuser77,337UUpo9A890NgAhjzBFCvAsu8k=
78,testuser78,337UUpo9A890NgAhjzBFCvAsu8k=
79,testuser79,337UUpo9A890NgAhjzBFCvAsu8k=
80,testuser80,337UUpo9A890NgAhjzBFCvAsu8k=
81,testuser81,337UUpo9A890NgAhjzBFCvAsu8k=
82,testuser82,337UUpo9A890NgAhjzBFCvAsu8k=
83,testuser83,337UUpo9A890NgAhjzBFCvAsu8k=
84,testuser84,337UUpo9A890NgAhjzBFCvAsu8k=
85,testuser85,337UUpo9A890NgAhjzBFCvAsu8k=
86,testuser86,337UUpo9A890NgAhjzBFCvAsu8k=
87,testuser87,337UUpo9A890NgAhjzBFCvAsu8k=
88,testuser88,337UUpo9A890NgAhjzBFCvAsu8k=
89,testuser89,337UUpo9A890NgAhjzBFCvAsu8k=
90,testuser90,337UUpo9A890NgAhjzBFCvAsu8k=
91,testuser91,337UUpo9A890NgAhjzBFCvAsu8k=
92,testuser92,337UUpo9A890NgAhjzBFCvAsu8k=
93,testuser93,337UUpo9A890NgAhjzBFCvAsu8k=
94,testuser94,337UUpo9A890NgAhjzBFCvAsu8k=
95,testuser95,337UUpo9A890NgAhjzBFCvAsu8k=
96,testuser96,337UUpo9A890NgAhjzBFCvAsu8k=
97,testuser97,337UUpo9A890NgAhjzBFCvAsu8k=
98,testuser98,337UUpo9A890NgAhjzBFCvAsu8k=
99,testuser99,337UUpo9A890NgAhjzBFCvAsu8k=